,cntr_01,dist_x,pang_x,ra_01,dec_01,major_01,designation,ra_x,dec_x,sigra,sigdec,sigradec,glon,glat,elon,elat,wx,wy,cntr,source_id,coadd_id,src,w1mpro,w1sigmpro,w1snr,w1rchi2,w2mpro,w2sigmpro,w2snr,w2rchi2,w3mpro,w3sigmpro,w3snr,w3rchi2,w4mpro,w4sigmpro,w4snr,w4rchi2,rchi2,nb,na,w1sat,w2sat,w3sat,w4sat,satnum,ra_pm,dec_pm,sigra_pm,sigdec_pm,sigradec_pm,pmra,sigpmra,pmdec,sigpmdec,w1rchi2_pm,w2rchi2_pm,w3rchi2_pm,w4rchi2_pm,rchi2_pm,pmcode,cc_flags,rel,ext_flg,var_flg,ph_qual,det_bit,moon_lev,w1nm,w1m,w2nm,w2m,w3nm,w3m,w4nm,w4m,w1cov,w2cov,w3cov,w4cov,w1cc_map,w1cc_map_str,w2cc_map,w2cc_map_str,w3cc_map,w3cc_map_str,w4cc_map,w4cc_map_str,best_use_cntr,ngrp,w1flux,w1sigflux,w1sky,w1sigsk,w1conf,w2flux,w2sigflux,w2sky,w2sigsk,w2conf,w3flux,w3sigflux,w3sky,w3sigsk,w3conf,w4flux,w4sigflux,w4sky,w4sigsk,w4conf,w1mag,w1sigm,w1flg,w1mcor,w2mag,w2sigm,w2flg,w2mcor,w3mag,w3sigm,w3flg,w3mcor,w4mag,w4sigm,w4flg,w4mcor,w1mag_1,w1sigm_1,w1flg_1,w2mag_1,w2sigm_1,w2flg_1,w3mag_1,w3sigm_1,w3flg_1,w4mag_1,w4sigm_1,w4flg_1,w1mag_2,w1sigm_2,w1flg_2,w2mag_2,w2sigm_2,w2flg_2,w3mag_2,w3sigm_2,w3flg_2,w4mag_2,w4sigm_2,w4flg_2,w1mag_3,w1sigm_3,w1flg_3,w2mag_3,w2sigm_3,w2flg_3,w3mag_3,w3sigm_3,w3flg_3,w4mag_3,w4sigm_3,w4flg_3,w1mag_4,w1sigm_4,w1flg_4,w2mag_4,w2sigm_4,w2flg_4,w3mag_4,w3sigm_4,w3flg_4,w4mag_4,w4sigm_4,w4flg_4,w1mag_5,w1sigm_5,w1flg_5,w2mag_5,w2sigm_5,w2flg_5,w3mag_5,w3sigm_5,w3flg_5,w4mag_5,w4sigm_5,w4flg_5,w1mag_6,w1sigm_6,w1flg_6,w2mag_6,w2sigm_6,w2flg_6,w3mag_6,w3sigm_6,w3flg_6,w4mag_6,w4sigm_6,w4flg_6,w1mag_7,w1sigm_7,w1flg_7,w2mag_7,w2sigm_7,w2flg_7,w3mag_7,w3sigm_7,w3flg_7,w4mag_7,w4sigm_7,w4flg_7,w1mag_8,w1sigm_8,w1flg_8,w2mag_8,w2sigm_8,w2flg_8,w3mag_8,w3sigm_8,w3flg_8,w4mag_8,w4sigm_8,w4flg_8,w1magp,w1sigp1,w1sigp2,w1k,w1ndf,w1mlq,w1mjdmin,w1mjdmax,w1mjdmean,w2magp,w2sigp1,w2sigp2,w2k,w2ndf,w2mlq,w2mjdmin,w2mjdmax,w2mjdmean,w3magp,w3sigp1,w3sigp2,w3k,w3ndf,w3mlq,w3mjdmin,w3mjdmax,w3mjdmean,w4magp,w4sigp1,w4sigp2,w4k,w4ndf,w4mlq,w4mjdmin,w4mjdmax,w4mjdmean,rho12,rho23,rho34,q12,q23,q34,xscprox,w1rsemi,w1ba,w1pa,w1gmag,w1gerr,w1gflg,w2rsemi,w2ba,w2pa,w2gmag,w2gerr,w2gflg,w3rsemi,w3ba,w3pa,w3gmag,w3gerr,w3gflg,w4rsemi,w4ba,w4pa,w4gmag,w4gerr,w4gflg,tmass_key,r_2mass,pa_2mass,n_2mass,j_m_2mass,j_msig_2mass,h_m_2mass,h_msig_2mass,k_m_2mass,k_msig_2mass,htm20,ra_y,dec_y,z1,z2,spec_type
0,2.0,0.686012,44.205921,136.464,1.31167,5.0,J090551.29+011842.5,136.4637129,1.3118066,0.071,0.0747,0.0024,228.496301,30.1905549,138.5127718,-14.6502735,1187.511,1517.525,1.3611015013510208e+18,1361p015_ac51-020878,1361p015_ac51,20878.0,14.543,0.032,34.0,1.514,14.485,0.053,20.5,0.9173,12.189,0.34,3.2,1.09,8.94,,-0.6,0.9478,1.144,1.0,0.0,0.0,0.0,0.0,0.0,0000,136.4637111,1.3118073,0.0784,0.0821,0.0119,-138.0,167.0,8.0,185.0,1.512,0.9172,1.09,0.9479,1.144,1N000,dd00,,0.0,00nn,AABU,7.0,0000,26.0,26.0,26.0,26.0,0.0,14.0,0.0,14.0,26.333,26.428,13.902,13.957,1.0,d,1.0,d,0.0,,0.0,,1.3611015013510208e+18,0.0,241.43,7.0958,14.402,3.063,0.022,101.37,4.9377,37.481,3.811,0.074,210.96,66.04,2332.58,29.86,5.984,-12.904,21.044,738.324,12.057,2.424,14.278,0.039,0.0,0.261,14.274,0.078,0.0,0.319,11.544,0.251,0.0,0.825,8.55,,32.0,0.576,15.031,0.044,0.0,15.114,0.092,0.0,13.08,0.352,0.0,11.083,,32.0,14.539,0.039,0.0,14.593,0.078,0.0,12.369,0.251,0.0,9.126,,32.0,14.299,0.039,1.0,14.369,0.082,1.0,11.975,0.224,0.0,8.712,,32.0,14.164,0.043,1.0,14.298,0.096,1.0,11.733,0.222,1.0,8.39,,32.0,14.072,0.048,1.0,14.302,0.115,1.0,11.521,0.218,1.0,8.18,,32.0,13.983,0.052,1.0,14.314,0.138,1.0,11.318,0.214,1.0,8.052,,32.0,13.877,0.054,1.0,14.287,0.155,1.0,11.158,0.213,1.0,8.057,,32.0,13.761,0.056,1.0,14.226,0.169,1.0,11.038,0.218,1.0,7.968,,32.0,14.526,0.082,0.016,0.819,25.0,4.71,55319.89573865,55511.88226361,55408.57365524,14.487,0.183,0.036,0.821,25.0,0.28,55319.89573865,55511.88226361,55408.57365524,12.401,0.877,0.234,0.551,12.0,0.09,55319.89573865,55320.88808385,55320.4580179,,,,0.919,4.0,0.1,55319.89573865,55320.88808385,55320.4580179,13.0,15.0,16.0,0.0,0.0,0.0,,,,,,,,,,,,,,,,,,,,,,,,,,,,,0.0,,,,,,,15531525779936.0,136.464,1.3116700000000001,0.47,0.6459999999999999,PG+PG
1,3.0,1.085926,-58.033155,132.243,2.24817,5.0,J084858.23+021453.9,132.2426639,2.2483297,0.0811,0.0848,-0.0067,225.1565685,27.0150364,134.0545516,-14.9666021,359.22,3969.645,1.3151015013510513e+18,1315p015_ac51-051314,1315p015_ac51,51314.0,14.904,0.034,32.4,1.226,14.598,0.059,18.3,0.9629,12.525,,-0.3,0.9656,8.578,,0.8,1.056,1.065,1.0,0.0,0.0,0.0,0.0,0.0,0000,132.2426623,2.2483299,0.0863,0.09,-0.0104,-413.0,221.0,21.0,238.0,1.22,0.963,0.9655,1.056,1.063,1N000,0000,,0.0,00nn,AAUU,3.0,0000,23.0,23.0,21.0,23.0,0.0,10.0,0.0,10.0,23.572,23.431,10.981,10.944,0.0,,0.0,,0.0,,0.0,,1.3151015013510513e+18,0.0,173.18,5.3445,14.148,2.943,0.0,91.373,4.9809,36.729,3.886,0.39,-26.182,77.457,2311.281,29.428,4.54,16.133,21.305,729.159,11.325,1.258,14.721,0.034,0.0,0.261,14.459,0.081,0.0,0.319,12.094,,32.0,0.825,8.033,,32.0,0.576,15.438,0.036,0.0,15.286,0.092,0.0,13.284,,32.0,9.043,,32.0,14.982,0.034,0.0,14.778,0.081,0.0,12.919,,32.0,8.609,,32.0,14.778,0.038,0.0,14.538,0.086,0.0,12.632,,32.0,8.321,,32.0,14.672,0.042,1.0,14.417,0.096,1.0,13.074,,32.0,8.035,,32.0,14.601,0.046,1.0,14.361,0.108,1.0,12.031,,32.0,7.739,,32.0,14.54,0.051,1.0,14.34,0.125,1.0,11.8,,32.0,7.482,,32.0,14.47,0.055,1.0,14.328,0.144,1.0,11.633,,32.0,7.304,,32.0,14.381,0.058,1.0,14.288,0.159,1.0,11.513,,32.0,7.146,,32.0,14.904,0.147,0.031,0.815,22.0,7.84,55315.66174722,55507.781978,55415.88411125,14.604,0.273,0.057,0.849,22.0,2.14,55315.66174722,55507.781978,55415.88411125,,,,,2.0,0.75,55315.66174722,55316.654093,55316.14468965,9.928,3.279,1.037,0.813,6.0,0.03,55315.66174722,55316.654093,55316.14468965,-22.0,-38.0,25.0,0.0,0.0,0.0,,,,,,,,,,,,,,,,,,,,,,,,,,,,,0.0,,,,,,,16015576203273.0,132.243,2.24817,0.209,0.39299999999999996,PG+PG
2,4.0,1.986902,28.702597,137.198,2.40849,5.0,J090847.65+022432.3,137.1985553,2.4089741,0.0935,0.1003,0.0046,227.8364418,31.382974,138.8969853,-13.3836911,3222.797,425.225,1.376103001351008e+18,1376p030_ac51-007935,1376p030_ac51,7935.0,15.162,0.039,27.5,1.367,14.839,0.068,16.0,0.8656,12.474,,-0.4,0.8517,8.984,,-0.1,0.8555,1.022,1.0,0.0,0.0,0.0,0.0,0.0,0000,137.1985547,2.4089744,0.096,0.104,0.0093,-36.0,271.0,-245.0,300.0,1.365,0.8673,0.8516,0.8555,1.022,1N001,0000,,0.0,00nn,AAUU,3.0,0000,22.0,22.0,19.0,22.0,0.0,12.0,0.0,12.0,23.214,23.481,11.958,11.848,0.0,,0.0,,0.0,,0.0,,1.376103001351008e+18,0.0,136.53,4.9619,14.156,2.857,0.028,73.195,4.5781,37.864,3.787,0.0,-29.561,81.17,2398.065,31.252,5.75,-2.9978,20.197,764.177,10.86,1.537,14.92,0.04,1.0,0.261,14.714,0.111,1.0,0.319,12.469,,32.0,0.825,8.531,,32.0,0.576,15.656,0.045,0.0,15.524,0.124,0.0,13.482,,32.0,9.544,,32.0,15.181,0.04,1.0,15.033,0.111,1.0,13.294,,32.0,9.107,,32.0,14.968,0.042,1.0,14.829,0.119,1.0,12.709,,32.0,8.769,,32.0,14.82,0.047,1.0,14.719,0.134,1.0,12.329,,32.0,8.477,,32.0,14.64,0.048,1.0,14.595,0.145,1.0,11.955,,32.0,11.865,,32.0,14.409,0.045,1.0,14.418,0.146,1.0,11.593,,32.0,8.383,,32.0,14.105,0.04,1.0,14.154,0.133,1.0,11.949,0.488,1.0,8.715,,32.0,13.685,0.032,1.0,13.775,0.109,1.0,11.577,0.398,1.0,7.579,,32.0,15.177,0.176,0.038,0.767,21.0,6.01,55320.16060176,55512.27879402,55407.55627804,14.849,0.303,0.065,0.851,21.0,1.39,55320.16060176,55512.27879402,55407.55627804,14.654,8.475,2.447,0.591,5.0,0.03,55320.16060176,55321.28512382,55320.72286279,,,,0.624,5.0,0.55,55320.16060176,55321.28512382,55320.72286279,-34.0,49.0,57.0,1.0,0.0,0.0,,,,,,,,,,,,,,,,,,,,,,,,,,,,,0.0,,,,,,,15531188098970.0,137.198,2.40849,0.281,0.5489999999999999,PG+PG
3,5.0,0.132887,-158.735743,134.097,2.49636,5.0,J085623.27+022946.7,134.0969866,2.4963256,0.0587,0.0608,-0.0077,225.9490598,28.7480936,135.8197076,-14.2076296,3422.41,654.005,1.3461030013510103e+18,1346p030_ac51-010379,1346p030_ac51,10379.0,14.021,0.028,38.5,1.051,13.851,0.039,27.8,0.8075,11.916,,1.9,1.002,8.963,,0.0,0.958,0.9425,1.0,0.0,0.0,0.0,0.0,0.0,0000,134.0969866,2.496326,0.0611,0.0631,0.0064,-42.0,113.0,72.0,123.0,1.05,0.8079,1.002,0.958,0.9423,1N000,0000,,0.0,00nn,AAUU,3.0,0000,26.0,26.0,26.0,26.0,0.0,12.0,0.0,12.0,26.258,26.606,13.387,13.377,0.0,,0.0,,0.0,,0.0,,1.3461030013510103e+18,0.0,390.31,10.147,14.441,3.022,0.037,181.73,6.528,37.136,3.871,0.011,130.38,70.474,2360.452,28.882,5.271,-0.58988,20.599,747.423,11.258,1.942,13.869,0.018,1.0,0.261,13.71,0.041,1.0,0.319,11.349,,32.0,0.825,8.284,,32.0,0.576,14.586,0.02,0.0,14.542,0.047,0.0,12.726,,32.0,10.05,,32.0,14.13,0.018,1.0,14.029,0.041,1.0,12.174,,32.0,8.86,,32.0,13.81,0.018,1.0,13.686,0.039,1.0,11.799,,32.0,8.456,,32.0,13.358,0.015,1.0,13.282,0.033,1.0,12.268,0.534,1.0,8.183,,32.0,12.815,0.012,1.0,12.827,0.026,1.0,12.071,0.534,1.0,7.892,,32.0,12.412,0.01,1.0,12.471,0.022,1.0,11.187,,32.0,7.612,,32.0,12.202,0.01,1.0,12.267,0.022,1.0,11.078,,32.0,7.394,,32.0,12.113,0.01,1.0,12.18,0.023,1.0,11.01,,32.0,7.188,,32.0,14.012,0.064,0.013,0.8,25.0,4.57,55317.24965326,55509.3691176,55405.99910561,13.854,0.123,0.024,0.768,25.0,0.75,55317.24965326,55509.3691176,55405.99910561,12.702,1.966,0.568,0.693,9.0,0.28,55317.24965326,55318.37430311,55317.80092099,,,,0.678,5.0,0.13,55317.24965326,55318.37430311,55317.80092099,1.0,1.0,35.0,0.0,0.0,0.0,,,,,,,,,,,,,,,,,,,,,,,,,,804255154.0,0.257,-81.6,1.0,15.998,0.103,15.601,0.141,14.796,0.134,16287259535765.0,134.097,2.4963599999999997,0.198,0.615,PG+PG
4,6.0,0.270393,17.329017,129.157,2.86991,5.0,J083637.73+025211.9,129.1572324,2.8699817,0.0861,0.0907,-0.0121,222.8899454,24.6222763,130.8066161,-15.1957667,517.688,1632.365,1.285103001351022e+18,1285p030_ac51-022132,1285p030_ac51,22132.0,15.071,0.035,30.7,0.9953,14.859,0.071,15.4,0.818,11.73,0.293,3.7,0.8627,8.254,,1.7,0.8741,0.8912,1.0,0.0,0.0,0.0,0.0,0.0,0000,129.1572362,2.8699819,0.1017,0.1076,-0.0215,166.0,256.0,4.0,275.0,0.9932,0.8192,0.8628,0.874,0.8909,1N000,0000,,0.0,00nn,AABU,7.0,1111,24.0,24.0,17.0,24.0,0.0,11.0,0.0,11.0,24.348,24.599,10.938,10.891,0.0,,0.0,,0.0,,0.0,,1.285103001351022e+18,0.0,148.41,4.8409,13.899,2.926,0.127,71.87,4.6771,38.288,3.875,0.148,322.25,86.913,2354.349,31.146,9.243,36.588,21.274,735.625,11.407,2.231,14.986,0.19,1.0,0.261,14.831,0.128,1.0,0.319,11.7,0.332,1.0,0.825,8.283,,32.0,0.576,15.663,0.132,1.0,15.581,0.135,1.0,13.107,0.406,0.0,9.178,,32.0,15.247,0.19,1.0,15.15,0.128,1.0,12.525,0.332,1.0,8.859,,32.0,15.09,0.206,1.0,15.045,0.148,1.0,12.254,0.332,1.0,8.592,,32.0,15.042,0.203,1.0,15.117,0.196,1.0,12.135,0.368,1.0,8.268,,32.0,15.043,0.208,1.0,15.297,0.278,1.0,12.093,0.427,1.0,7.995,,32.0,15.055,0.216,1.0,15.54,0.41,1.0,12.101,0.505,1.0,7.822,,32.0,15.057,0.223,1.0,15.043,,32.0,11.299,,32.0,7.67,,32.0,15.092,0.239,1.0,15.266,,32.0,11.172,,32.0,7.508,,32.0,15.077,0.154,0.031,0.858,23.0,5.39,55312.48631574,55504.87217964,55408.7234271,14.865,0.321,0.066,0.748,23.0,1.66,55312.48631574,55504.87217964,55408.7234271,11.61,0.492,0.148,0.881,9.0,0.13,55312.48631574,55313.61096561,55313.04563086,9.101,1.512,0.456,0.624,7.0,0.04,55312.48631574,55313.61096561,55313.04563086,-30.0,-17.0,46.0,1.0,0.0,0.0,,,,,,,,,,,,,,,,,,,,,,,,,,,,,0.0,,,,,,,16025978715201.0,129.157,2.86991,0.511,0.282,PG+PG
5,7.0,1.384427,-131.257927,132.676,0.34792,5.0,J085042.12+002051.5,132.6755409,0.3476664,0.1734,0.1258,0.0792,227.2423525,26.4410687,135.0378784,-16.6709475,3184.799,2958.248,1.3311000013510418e+18,1331p000_ac51-041827,1331p000_ac51,41827.0,14.738,0.079,13.7,1.866,14.432,0.096,11.3,0.9984,12.126,,0.5,1.041,8.169,,0.5,0.8973,1.286,2.0,1.0,0.0,0.0,0.0,0.0,0000,,,,,,,,,,,,,,,,0000,,0.0,nnnn,AAUU,3.0,0000,22.0,22.0,20.0,22.0,0.0,10.0,0.0,10.0,22.105,22.625,10.709,10.651,0.0,,0.0,,0.0,,0.0,,1.3311000013510418e+18,0.0,201.79,14.693,13.748,2.931,0.245,106.47,9.3841,36.074,3.831,0.345,43.476,90.087,2235.055,28.962,5.841,16.935,34.32,697.237,11.017,1.151,13.342,0.022,1.0,0.261,13.069,0.03,1.0,0.319,11.277,,32.0,0.825,8.226,,32.0,0.576,14.211,0.027,1.0,14.012,0.037,1.0,12.576,,32.0,9.243,,32.0,13.603,0.022,1.0,13.388,0.03,1.0,12.102,,32.0,8.802,,32.0,13.31,0.022,1.0,13.069,0.028,1.0,11.872,,32.0,8.456,,32.0,13.158,0.023,1.0,12.894,0.03,1.0,11.774,,32.0,8.161,,32.0,13.058,0.025,1.0,12.785,0.032,1.0,11.691,,32.0,7.899,,32.0,12.981,0.028,1.0,12.707,0.036,1.0,11.607,,32.0,7.663,,32.0,12.921,0.03,1.0,12.648,0.039,1.0,11.575,,32.0,7.447,,32.0,12.868,0.033,1.0,12.59,0.043,1.0,11.546,,32.0,7.247,,32.0,14.765,0.134,0.029,0.836,21.0,1.16,55316.58762249,55508.70823389,55412.63296636,14.418,0.158,0.034,0.738,21.0,0.07,55316.58762249,55508.70823389,55412.63296636,13.964,7.533,2.382,0.575,5.0,0.31,55316.58762249,55317.57996822,55317.0639561,9.853,5.821,1.841,0.87,4.0,0.2,55316.58762249,55317.57996822,55317.0639561,-13.0,-56.0,14.0,0.0,1.0,0.0,,,,,,,,,,,,,,,,,,,,,,,,,,,,,0.0,,,,,,,16012419252893.0,132.676,0.34792,0.191,0.33299999999999996,PG+PG
6,7.0,3.559615,78.170515,132.676,0.34792,5.0,J085042.43+002053.2,132.6767978,0.3481227,0.0726,0.0572,0.0303,227.2426237,26.4423836,135.0390033,-16.6701558,3181.508,2959.443,1.3311000013510418e+18,1331p000_ac51-041826,1331p000_ac51,41826.0,13.547,0.034,31.6,1.866,13.276,0.041,26.7,0.9984,12.149,0.445,2.4,1.041,8.412,,-0.2,0.8973,1.286,2.0,1.0,0.0,0.0,0.0,0.0,0000,132.6765889,0.3480313,0.0467,0.0446,0.0045,185.0,81.0,241.0,84.0,2.603,1.097,1.042,0.8975,1.573,1N082,0000,,0.0,nnnn,AACU,7.0,0000,22.0,22.0,22.0,22.0,0.0,10.0,0.0,10.0,21.882,22.522,10.497,10.532,0.0,,0.0,,0.0,,0.0,,1.3311000013510418e+18,0.0,604.04,19.144,13.748,2.931,0.057,308.86,11.587,36.074,3.831,0.469,218.94,89.687,2235.055,28.962,2.934,-6.2822,34.201,697.237,11.017,2.816,13.228,0.02,1.0,0.261,12.95,0.034,1.0,0.319,11.295,,32.0,0.825,8.123,,32.0,0.576,13.96,0.022,1.0,13.788,0.039,1.0,12.528,,32.0,9.14,,32.0,13.489,0.02,1.0,13.269,0.034,1.0,12.12,,32.0,8.699,,32.0,13.279,0.021,1.0,13.025,0.034,1.0,11.865,,32.0,8.352,,32.0,13.164,0.023,1.0,12.886,0.037,1.0,11.715,,32.0,8.06,,32.0,13.081,0.025,1.0,12.789,0.041,1.0,11.642,,32.0,7.797,,32.0,13.005,0.028,1.0,12.714,0.045,1.0,11.575,,32.0,7.561,,32.0,12.94,0.03,1.0,12.652,0.049,1.0,11.537,,32.0,7.346,,32.0,12.891,0.034,1.0,12.601,0.054,1.0,11.516,,32.0,7.147,,32.0,13.547,0.048,0.01,0.751,21.0,2.8,55316.58762249,55508.70823389,55412.63296636,13.273,0.091,0.019,0.833,21.0,0.99,55316.58762249,55508.70823389,55412.63296636,11.861,0.684,0.216,0.712,7.0,0.06,55316.58762249,55317.57996822,55317.0639561,,,,0.621,4.0,0.47,55316.58762249,55317.57996822,55317.0639561,16.0,23.0,-29.0,0.0,0.0,0.0,,,,,,,,,,,,,,,,,,,,,,,,,,803040521.0,0.543,-127.4,1.0,15.437,0.09,14.66,0.1,14.143,0.084,16012419253132.0,132.676,0.34792,0.191,0.33299999999999996,PG+PG
7,8.0,0.749512,11.104175,132.663,0.63611,5.0,J085039.12+003810.7,132.6630001,0.6363143,0.0988,0.1057,0.0126,226.9569192,26.5760979,134.9406475,-16.3974759,3217.581,3713.952,1.3311000013510607e+18,1331p000_ac51-060773,1331p000_ac51,60773.0,15.288,0.041,26.7,1.047,14.958,0.072,15.1,0.9275,12.607,,-0.6,1.048,8.968,,0.4,1.03,1.002,1.0,0.0,0.0,0.0,0.0,0.0,0000,132.6629999,0.6363211,0.1028,0.1099,0.0153,21.0,283.0,523.0,314.0,1.044,0.926,1.048,1.03,1.001,2N000,0000,,0.0,00nn,AAUU,3.0,0000,25.0,25.0,19.0,25.0,0.0,13.0,0.0,13.0,25.364,25.392,13.965,14.077,0.0,,0.0,,0.0,,0.0,,1.3311000013510607e+18,0.0,121.53,4.5496,13.625,2.95,0.106,65.606,4.3545,35.726,3.749,0.221,-40.865,71.776,2242.478,29.438,3.176,6.9669,17.015,700.831,10.708,2.767,15.128,0.042,1.0,0.261,14.851,0.118,1.0,0.319,12.388,,32.0,0.825,8.457,,32.0,0.576,15.825,0.046,1.0,15.649,0.131,1.0,14.883,,32.0,9.488,,32.0,15.389,0.042,1.0,15.17,0.118,1.0,13.213,,32.0,9.033,,32.0,15.165,0.044,1.0,14.947,0.124,1.0,12.933,,32.0,8.687,,32.0,15.0,0.046,1.0,14.797,0.134,1.0,12.709,,32.0,8.315,,32.0,14.864,0.049,1.0,14.671,0.143,1.0,12.52,,32.0,7.943,,32.0,14.736,0.051,1.0,14.551,0.151,1.0,12.353,,32.0,7.655,,32.0,14.597,0.052,1.0,14.416,0.156,1.0,12.201,,32.0,7.438,,32.0,14.397,0.05,1.0,14.216,0.149,1.0,11.984,,32.0,7.267,,32.0,15.305,0.166,0.033,0.736,24.0,7.27,55316.45531822,55508.57592977,55401.03345005,14.964,0.213,0.043,0.776,24.0,0.02,55316.45531822,55508.57592977,55401.03345005,,,,0.64,4.0,0.02,55316.45531822,55317.44766396,55316.89809236,10.974,9.072,2.516,0.801,7.0,0.0,55316.45531822,55317.44766396,55316.89809236,0.0,-4.0,85.0,0.0,0.0,0.0,,,,,,,,,,,,,,,,,,,,,,,,,,,,,0.0,,,,,,,16012403990002.0,132.663,0.6361100000000001,0.37799999999999995,0.23399999999999999,PG+PG
8,9.0,0.263713,137.722534,131.413,-1.66217,5.0,J084539.06-013944.0,131.4127593,-1.6622242,0.1314,0.1451,0.0054,228.4429788,24.3297768,134.3552997,-18.953854,2530.52,1661.064,1.315001601351034e+18,1315m016_ac51-034098,1315m016_ac51,34098.0,15.826,0.05,21.9,1.096,15.92,0.157,6.9,0.9538,12.199,,1.0,1.161,8.864,,-0.4,0.8948,1.023,1.0,0.0,0.0,0.0,0.0,0.0,0000,131.4127547,-1.6622205,0.1585,0.1738,0.0124,-257.0,470.0,208.0,524.0,1.095,0.9536,1.161,0.8948,1.023,1N000,0000,,0.0,1nnn,ABUU,3.0,0000,22.0,24.0,2.0,24.0,0.0,11.0,0.0,11.0,23.559,23.325,10.955,10.958,0.0,,0.0,,0.0,,0.0,,1.315001601351034e+18,0.0,74.089,3.3875,12.474,2.757,0.079,27.028,3.9005,34.609,3.65,0.199,68.948,70.053,2115.952,28.61,2.234,-8.3976,22.568,654.778,11.731,1.853,16.003,0.15,1.0,0.261,16.254,0.495,1.0,0.319,11.835,,32.0,0.825,8.507,,32.0,0.576,16.584,0.144,0.0,16.794,0.431,0.0,13.028,,32.0,9.513,,32.0,16.264,0.15,1.0,16.573,0.495,1.0,12.66,,32.0,9.083,,32.0,16.133,0.173,1.0,15.82,,32.0,12.383,,32.0,8.75,,32.0,15.962,0.183,1.0,15.803,,32.0,12.201,,32.0,8.46,,32.0,15.684,0.17,1.0,15.637,,32.0,13.16,,32.0,8.207,,32.0,15.347,0.146,1.0,15.319,,32.0,11.959,,32.0,7.979,,32.0,15.036,0.127,1.0,14.985,,32.0,11.796,,32.0,7.769,,32.0,14.778,0.116,1.0,15.422,0.52,1.0,11.644,,32.0,7.575,,32.0,15.831,0.326,0.067,0.716,23.0,10.9,55315.92571907,55508.04735022,55419.96130182,15.904,0.716,0.146,0.597,21.0,0.23,55315.92571907,55508.04735022,55419.96130182,13.364,3.732,1.125,0.643,5.0,0.31,55315.92571907,55316.91793755,55316.40679083,,,,0.761,6.0,0.0,55315.92571907,55316.91793755,55316.40679083,27.0,64.0,-23.0,1.0,1.0,0.0,,,,,,,,,,,,,,,,,,,,,,,,,,,,,0.0,,,,,,,10037195817377.0,131.413,-1.6621700000000001,0.258,0.8690000000000001,PG+PG
9,10.0,0.188163,117.457367,138.55,-1.68663,5.0,J091412.06-014111.9,138.5502564,-1.6866541,0.0728,0.0777,0.0093,232.7213915,30.3700699,141.5272745,-16.8701846,3644.187,1596.899,1.3910016013510134e+18,1391m016_ac51-013418,1391m016_ac51,13418.0,14.784,0.032,34.2,1.055,14.441,0.052,20.9,0.8521,12.163,,0.8,0.9217,8.855,,0.3,1.169,0.9815,1.0,0.0,0.0,0.0,0.0,0.0,0000,138.5502564,-1.686655,0.0755,0.0803,-0.0059,372.0,191.0,206.0,213.0,1.052,0.849,0.9216,1.169,0.9793,1N000,0000,,0.0,00nn,AAUU,3.0,0000,24.0,24.0,24.0,24.0,0.0,12.0,0.0,12.0,23.243,23.34,11.873,11.915,0.0,,0.0,,0.0,,0.0,,1.3910016013510134e+18,0.0,193.41,5.6529,13.363,2.865,0.189,105.55,5.0577,36.266,3.673,0.3,62.895,76.592,2207.672,29.394,6.29,5.6236,19.929,695.569,11.296,1.5,14.66,0.044,1.0,0.261,14.369,0.059,1.0,0.319,11.945,,32.0,0.825,8.165,,32.0,0.576,15.344,0.047,0.0,15.154,0.066,0.0,13.167,,32.0,9.33,,32.0,14.921,0.044,1.0,14.688,0.059,1.0,12.77,,32.0,8.741,,32.0,14.755,0.048,1.0,14.529,0.066,1.0,12.458,,32.0,8.237,,32.0,14.684,0.055,1.0,14.511,0.081,1.0,12.179,,32.0,7.849,,32.0,14.642,0.064,1.0,14.551,0.101,1.0,11.951,,32.0,7.562,,32.0,14.606,0.073,1.0,14.616,0.127,1.0,11.759,,32.0,7.323,,32.0,14.574,0.082,1.0,14.668,0.155,1.0,11.618,,32.0,7.074,,32.0,14.532,0.091,1.0,14.663,0.176,1.0,11.528,,32.0,6.839,,32.0,14.77,0.085,0.017,0.751,23.0,3.0,55322.67374477,55514.66026867,55418.67813295,14.456,0.214,0.044,0.759,23.0,1.15,55322.67374477,55514.66026867,55418.67813295,13.532,3.897,1.125,0.56,5.0,0.14,55322.67374477,55323.79839392,55323.23606936,11.021,12.104,3.494,0.802,6.0,0.06,55322.67374477,55323.79839392,55323.23606936,-23.0,-51.0,18.0,1.0,0.0,0.0,,,,,,,,,,,,,,,,,,,,,,,,,,179326676.0,0.421,-27.1,1.0,16.588,0.152,15.924,0.198,15.139,0.191,10518301289975.0,138.55,-1.6866299999999999,0.259,0.868,PG+PG
10,11.0,0.319529,-164.91588,178.625,-0.72424,5.0,J115430.03-004327.5,178.6251469,-0.7243257,0.0926,0.0977,0.0186,274.4513729,58.9625614,179.026667,-1.2114174,1689.134,151.634,1.7841000013510052e+18,1784p000_ac51-005161,1784p000_ac51,5161.0,15.037,0.037,29.2,0.909,14.89,0.078,14.0,0.8682,12.26,,0.6,0.9534,9.021,,-0.6,1.003,0.915,1.0,0.0,0.0,0.0,0.0,0.0,0000,178.6251422,-0.7243141,0.0988,0.1048,0.0212,170.0,264.0,-461.0,286.0,0.9025,0.8676,0.9533,1.003,0.9126,1N000,0000,,0.0,00nn,AAUU,3.0,1100,22.0,22.0,16.0,22.0,0.0,11.0,0.0,11.0,22.326,22.273,11.913,11.722,0.0,,0.0,,0.0,,0.0,,1.7841000013510052e+18,0.0,153.2,5.2506,17.207,3.097,0.048,69.803,4.9961,43.648,4.099,0.113,42.94,77.395,3028.741,31.209,0.455,-11.741,19.524,1033.924,10.874,2.36,14.958,0.045,1.0,0.261,14.854,0.101,1.0,0.319,11.952,,32.0,0.825,8.357,,32.0,0.576,15.636,0.048,1.0,15.63,0.112,1.0,13.157,,32.0,10.007,,32.0,15.219,0.045,1.0,15.173,0.101,1.0,12.777,,32.0,8.933,,32.0,15.05,0.05,1.0,15.016,0.113,1.0,12.549,,32.0,8.661,,32.0,14.98,0.057,1.0,14.97,0.133,1.0,12.427,,32.0,8.395,,32.0,14.953,0.066,1.0,14.957,0.158,1.0,12.227,,32.0,8.259,,32.0,14.943,0.077,1.0,14.966,0.187,1.0,12.048,,32.0,8.018,,32.0,14.912,0.087,1.0,14.98,0.222,1.0,11.881,,32.0,7.823,,32.0,14.826,0.092,1.0,14.959,0.251,1.0,11.73,,32.0,7.584,,32.0,15.036,0.14,0.03,0.886,21.0,3.15,55361.04390549,55551.03059838,55456.02231179,14.887,0.319,0.068,0.677,21.0,1.01,55361.04390549,55551.03059838,55456.02231179,14.031,7.241,2.183,0.861,3.0,0.46,55361.04390549,55362.03624769,55361.49498167,,,,0.965,3.0,0.73,55361.04390549,55362.03624769,55361.49498167,-3.0,38.0,-76.0,0.0,0.0,0.0,,,,,,,,,,,,,,,,,,,,,,,,,,890766297.0,0.524,-120.2,1.0,16.95,0.206,15.679,0.152,15.338,0.217,10446384107637.0,178.625,-0.72424,0.312,0.22699999999999998,PG+PG
11,12.0,0.176181,87.071835,181.63,1.82378,5.0,J120631.32+014925.6,181.6305089,1.8237825,0.0742,0.0784,-0.0059,278.0009103,62.5012124,180.7703221,2.3218037,1741.25,2857.909,1.815101501351045e+18,1815p015_ac51-045124,1815p015_ac51,45124.0,14.637,0.032,33.6,1.181,14.376,0.052,21.0,0.9999,12.212,,0.6,0.9111,9.005,,-1.2,0.9486,1.034,1.0,0.0,0.0,0.0,0.0,0.0,0000,181.6304981,1.8237776,0.0807,0.0864,-0.0139,410.0,189.0,141.0,207.0,1.174,1.0,0.9111,0.9488,1.032,2N001,0000,,0.0,11nn,AAUU,3.0,1111,23.0,23.0,23.0,23.0,0.0,11.0,0.0,11.0,25.18,25.373,11.951,11.768,0.0,,0.0,,0.0,,0.0,,1.815101501351045e+18,0.0,221.5,6.5872,17.452,3.079,0.0,112.14,5.3319,44.459,3.97,0.0,48.991,78.85,2994.397,30.024,0.0,-22.823,19.808,1033.458,10.801,4.363,14.429,0.032,1.0,0.261,14.446,0.085,1.0,0.319,11.764,,32.0,0.825,8.465,,32.0,0.576,15.158,0.035,1.0,15.185,0.09,1.0,12.969,,32.0,9.477,,32.0,14.69,0.032,1.0,14.765,0.085,1.0,12.589,,32.0,9.041,,32.0,14.439,0.033,1.0,14.583,0.095,1.0,12.317,,32.0,8.693,,32.0,14.229,0.033,1.0,14.437,0.104,1.0,12.061,,32.0,8.397,,32.0,13.999,0.032,1.0,14.261,0.106,1.0,11.829,,32.0,8.135,,32.0,13.772,0.03,1.0,14.066,0.104,1.0,11.631,,32.0,7.898,,32.0,13.598,0.03,1.0,13.906,0.104,1.0,11.505,,32.0,7.682,,32.0,13.476,0.03,1.0,13.804,0.109,17.0,12.053,,32.0,7.482,,32.0,14.637,0.125,0.026,0.821,22.0,7.13,55362.76449216,55552.61710536,55461.80371671,14.405,0.22,0.046,0.633,22.0,3.6,55362.76449216,55552.61710536,55461.80371671,13.783,6.434,1.94,0.769,5.0,0.01,55362.76449216,55363.75670699,55363.24556217,,,,0.82,3.0,0.02,55362.76449216,55363.75670699,55363.24556217,45.0,-23.0,-99.0,2.0,0.0,0.0,,,,,,,,,,,,,,,,,,,,,,,,,,854827645.0,0.587,-129.4,1.0,16.912,0.189,16.021,0.191,15.39,0.189,14847479579404.0,181.63,1.82378,0.295,0.292,PG+PG
12,13.0,0.601345,70.84864,175.886,-0.43995,5.0,J114332.69-002623.6,175.8862378,-0.4398952,0.0936,0.0969,0.0138,269.5454745,57.9618846,176.399381,-2.0389292,939.531,896.286,1.7541000013510185e+18,1754p000_ac51-018470,1754p000_ac51,18470.0,15.073,0.038,28.9,0.9063,14.941,0.076,14.4,0.9962,12.255,,0.2,0.9143,8.309,0.363,3.0,1.003,0.9524,2.0,1.0,0.0,0.0,0.0,0.0,0000,,,,,,,,,,,,,,,,0000,s,0.0,nnnn,AAUC,11.0,0000,23.0,23.0,16.0,23.0,0.0,11.0,2.0,11.0,25.393,25.4,12.948,12.929,0.0,,0.0,,0.0,,0.0,,1.7541000013510185e+18,0.0,148.14,5.1284,16.672,2.953,0.084,66.64,4.6435,43.53,3.932,0.143,14.249,92.214,2996.411,33.759,2.139,75.251,25.163,1016.842,12.344,2.047,14.649,0.03,1.0,0.261,14.545,0.083,1.0,0.319,11.848,,32.0,0.825,8.106,,32.0,0.576,15.478,0.037,1.0,15.456,0.102,1.0,13.133,,32.0,8.98,,32.0,14.91,0.03,1.0,14.864,0.083,1.0,12.673,,32.0,8.682,,32.0,14.551,0.028,1.0,14.526,0.08,1.0,12.427,,32.0,8.559,,32.0,14.348,0.029,1.0,14.353,0.084,1.0,12.315,,32.0,8.266,,32.0,14.266,0.032,1.0,14.31,0.097,1.0,12.175,,32.0,8.005,,32.0,14.236,0.036,1.0,14.339,0.118,1.0,12.026,,32.0,7.769,,32.0,14.224,0.041,1.0,14.394,0.145,1.0,12.672,,32.0,7.552,,32.0,14.224,0.047,1.0,14.446,0.175,1.0,11.84,,32.0,7.353,,32.0,15.077,0.152,0.032,0.769,22.0,4.26,55358.53013315,55548.65001025,55457.75192854,14.954,0.297,0.062,0.85,22.0,0.47,55358.53013315,55548.65001025,55457.75192854,15.091,14.559,4.39,0.817,4.0,0.11,55358.53013315,55359.52234799,55359.04732075,8.337,1.405,0.423,0.709,7.0,1.09,55358.53013315,55359.52234799,55359.04732075,23.0,-51.0,-57.0,1.0,0.0,0.0,,,,,,,,,,,,,,,,,,,,,,,,,,,,,0.0,,,,,,,10447369030109.0,175.886,-0.43995,0.35100000000000003,0.8029999999999999,PG+PG
13,14.0,0.265432,103.810114,182.741,-0.13542,5.0,J121057.81-000807.5,182.7409016,-0.1354376,0.1002,0.1084,0.016,281.6484709,61.0526806,182.5688612,0.9656335,2794.178,1693.4,1.8301000013510323e+18,1830p000_ac51-032314,1830p000_ac51,32314.0,15.274,0.04,26.9,1.018,14.882,0.079,13.7,0.9942,12.365,0.443,2.4,0.9763,8.412,,1.2,0.9347,0.9838,1.0,0.0,0.0,0.0,0.0,0.0,0000,182.7409028,-0.1354359,0.1151,0.1244,0.0181,-21.0,319.0,-164.0,348.0,1.017,0.9939,0.9763,0.9347,0.9837,1N000,0000,,0.0,11nn,AACU,7.0,3455,24.0,24.0,11.0,18.0,0.0,13.0,0.0,13.0,24.526,17.516,12.842,13.849,0.0,,0.0,,0.0,,0.0,,1.8301000013510323e+18,0.0,123.11,4.5737,18.641,3.172,0.0,70.351,5.1476,52.147,4.114,0.461,179.49,73.316,3128.237,30.851,1.345,25.661,21.375,1065.049,12.026,2.119,14.986,0.042,1.0,0.261,14.657,0.099,1.0,0.319,11.559,,32.0,0.825,7.958,,32.0,0.576,15.792,0.049,1.0,15.541,0.116,1.0,12.902,,32.0,9.111,,32.0,15.247,0.042,1.0,14.976,0.099,1.0,12.384,,32.0,8.534,,32.0,14.807,0.036,1.0,14.598,0.098,1.0,12.695,0.501,1.0,8.102,,32.0,14.4,0.031,1.0,14.295,0.093,1.0,12.353,0.45,1.0,8.453,0.508,1.0,14.115,0.029,1.0,14.106,0.091,1.0,12.126,0.439,1.0,8.085,0.456,1.0,13.964,0.029,1.0,14.034,0.098,1.0,11.973,0.449,1.0,7.792,0.429,1.0,13.893,0.032,1.0,14.036,0.112,1.0,11.88,0.479,1.0,7.615,0.441,17.0,13.855,0.035,1.0,14.079,0.132,1.0,11.86,0.539,1.0,7.584,0.511,17.0,15.3,0.158,0.032,0.726,23.0,4.44,55364.35175578,55554.2045005,55451.42556096,14.895,0.354,0.084,0.796,17.0,1.57,55364.35175578,55554.2045005,55480.20394174,12.369,1.252,0.347,0.862,7.0,0.08,55364.35175578,55365.34396899,55364.86568916,9.481,1.83,0.508,0.548,8.0,0.02,55364.35175578,55365.34396899,55364.86568916,35.0,82.0,-63.0,1.0,1.0,0.0,,,,,,,,,,,,,,,,,,,,,,,,,,,,,0.0,,,,,,,10998609262064.0,182.741,-0.13542,0.345,0.331,PG+PG
14,15.0,3.100614,133.861759,179.083,-0.20491,5.0,J115620.05-001219.8,179.083581,-0.2055068,0.0432,0.0417,-0.009,274.8368187,59.6263269,179.2409314,-0.5530696,488.879,1509.947,1.7841000013510226e+18,1784p000_ac51-022494,1784p000_ac51,22494.0,12.185,0.024,45.1,24.05,12.072,0.023,46.4,6.214,11.369,0.182,6.0,0.9075,8.973,,-0.2,0.9194,10.21,1.0,0.0,0.0,0.002,0.0,0.0,0900,179.0835816,-0.2055146,0.0429,0.0418,-0.0073,28.0,53.0,219.0,54.0,24.01,6.225,0.9075,0.9194,10.2,1N001,0000,,5.0,00nn,AABU,7.0,1100,25.0,25.0,25.0,25.0,0.0,13.0,0.0,13.0,25.649,25.494,13.911,13.913,0.0,,0.0,,0.0,,0.0,,1.7841000013510226e+18,0.0,2117.4,46.997,18.104,3.257,0.178,935.96,20.184,44.126,4.193,0.087,449.28,75.502,3042.847,30.524,7.076,-4.4038,20.414,1045.877,12.145,2.43,11.981,0.007,0.0,0.261,11.827,0.012,16.0,0.319,10.964,0.16,0.0,0.825,8.581,,32.0,0.576,12.821,0.008,0.0,12.759,0.015,16.0,12.479,0.217,0.0,9.574,,32.0,12.242,0.007,0.0,12.146,0.012,16.0,11.789,0.16,0.0,9.157,,32.0,11.926,0.007,0.0,11.813,0.011,16.0,11.386,0.141,0.0,8.829,,32.0,11.733,0.007,0.0,11.615,0.012,16.0,11.147,0.139,0.0,8.557,,32.0,11.606,0.007,1.0,11.487,0.012,17.0,11.023,0.148,0.0,8.316,,32.0,11.514,0.007,1.0,11.397,0.013,17.0,10.988,0.167,1.0,8.098,,32.0,11.444,0.007,1.0,11.33,0.014,17.0,10.988,0.192,1.0,7.9,,32.0,11.387,0.008,1.0,11.276,0.015,17.0,10.965,0.213,1.0,7.716,,32.0,12.185,0.052,0.01,0.835,24.0,12.84,55361.30864041,55551.2950799,55452.55244396,12.065,0.036,0.007,0.858,24.0,1.86,55361.30864041,55551.2950799,55452.55244396,11.373,0.463,0.128,0.817,12.0,0.21,55361.30864041,55362.30085529,55361.83786541,,,,0.837,3.0,0.21,55361.30864041,55362.30085529,55361.83786541,0.0,-10.0,71.0,0.0,0.0,0.0,0.68,13.89,0.8,65.0,11.811,0.007,0.0,13.89,0.8,65.0,11.694,0.011,16.0,13.89,0.8,65.0,11.267,0.14,0.0,17.55,0.88,65.0,,,,250463666.0,0.492,-120.4,1.0,14.621,0.105,13.947,0.129,13.408,0.108,10445493413669.0,179.083,-0.20490999999999998,0.107,0.645,PG+PG
15,16.0,4.101424,97.246113,222.502,0.81555,5.0,J145000.84+004855.4,222.5035103,0.8154063,0.0864,0.09,-0.0052,355.1335229,51.2526261,219.7990894,16.3665788,1656.011,217.851,2.2231015013510057e+18,2223p015_ac51-005587,2223p015_ac51,5587.0,15.224,0.035,31.2,2.808,15.077,0.076,14.2,1.093,12.175,,1.6,0.9493,8.879,,1.0,1.054,1.553,1.0,0.0,0.0,0.0,0.0,0.0,0000,222.5035103,0.8154063,0.0968,0.099,-0.0035,0.0,164.0,0.0,171.0,2.808,1.093,0.9493,1.054,1.553,1N000,0000,,0.0,00nn,AAUU,3.0,0000,34.0,34.0,15.0,34.0,0.0,24.0,0.0,24.0,33.325,33.236,23.938,23.789,0.0,,0.0,,0.0,,0.0,,2.2231015013510057e+18,0.0,129.0,4.1401,15.58,3.15,0.061,58.766,4.1407,40.717,4.108,0.301,95.219,59.312,2595.183,31.676,6.968,14.376,15.054,818.207,11.069,1.908,14.375,0.017,1.0,0.261,14.396,0.065,1.0,0.319,12.47,,32.0,0.825,8.361,,32.0,0.576,15.364,0.024,1.0,15.431,0.09,1.0,13.511,,32.0,9.42,,32.0,14.636,0.017,1.0,14.715,0.065,1.0,13.295,,32.0,8.937,,32.0,14.1,0.014,1.0,14.227,0.054,1.0,13.128,,32.0,8.556,,32.0,13.666,0.012,1.0,13.837,0.047,1.0,12.897,,32.0,8.247,,32.0,13.379,0.011,1.0,13.561,0.044,1.0,12.69,,32.0,8.005,,32.0,13.225,0.011,1.0,13.403,0.045,1.0,12.51,,32.0,7.761,,32.0,13.141,0.012,1.0,13.316,0.048,1.0,12.348,,32.0,7.535,,32.0,13.079,0.013,1.0,13.267,0.053,1.0,12.198,,32.0,7.373,,32.0,15.227,0.148,0.025,0.806,33.0,3.1,55224.9869563,55592.5574781,55396.85066317,15.093,0.461,0.079,0.704,33.0,4.41,55224.9869563,55592.5574781,55396.85066317,13.075,2.13,0.435,0.747,15.0,0.0,55224.9869563,55406.09365199,55315.48526323,10.068,4.775,0.975,0.693,12.0,0.09,55224.9869563,55406.09365199,55315.48526323,-20.0,-13.0,13.0,1.0,0.0,0.0,,,,,,,,,,,,,,,,,,,,,,,,,,,,,0.0,,,,,,,14912829878160.0,222.502,0.81555,0.447,0.496,PG+PG
16,17.0,0.279951,-42.318424,222.238,2.38034,5.0,J144857.08+022249.4,222.2378676,2.3803975,0.0685,0.0721,-0.0053,356.6330598,52.542481,219.0314459,17.7741443,2351.581,350.184,2.2231030013510054e+18,2223p030_ac51-005473,2223p030_ac51,5473.0,14.751,0.03,36.6,0.9262,14.703,0.058,18.8,0.9217,12.463,,0.7,0.9093,9.122,,0.1,0.928,0.9198,1.0,0.0,0.0,0.0,0.0,0.0,0000,222.2378667,2.3803989,0.0703,0.0738,0.0042,-88.0,102.0,140.0,112.0,0.9224,0.9228,0.9093,0.928,0.9189,1N000,0000,,0.0,00nn,AAUU,3.0,0000,36.0,36.0,29.0,36.0,0.0,23.0,0.0,23.0,38.314,38.194,25.685,26.158,0.0,,0.0,,0.0,,0.0,,2.2231030013510054e+18,0.0,199.38,5.443,14.132,2.876,0.042,82.938,4.407,39.626,3.914,0.28,40.891,61.525,2514.261,31.883,5.961,1.9114,16.834,789.245,11.487,3.323,14.695,0.022,0.0,0.261,14.676,0.068,0.0,0.319,12.18,,32.0,0.825,8.728,,32.0,0.576,15.344,0.022,0.0,15.44,0.073,0.0,13.405,,32.0,9.739,,32.0,14.956,0.022,0.0,14.995,0.068,0.0,13.005,,32.0,9.304,,32.0,14.818,0.024,1.0,14.861,0.079,1.0,12.713,,32.0,8.958,,32.0,14.762,0.028,1.0,14.868,0.098,1.0,12.56,,32.0,8.662,,32.0,14.727,0.032,1.0,14.943,0.126,1.0,12.45,,32.0,8.4,,32.0,14.678,0.035,1.0,15.069,0.167,1.0,12.271,,32.0,8.104,,32.0,14.614,0.039,1.0,15.234,0.226,1.0,12.105,,32.0,7.767,,32.0,14.546,0.042,1.0,15.447,0.317,1.0,11.953,,32.0,7.493,,32.0,14.745,0.106,0.018,0.832,35.0,4.56,55224.32505282,55591.89595686,55407.00841343,14.687,0.28,0.047,0.868,35.0,2.57,55224.32505282,55591.89595686,55407.00841343,14.672,7.99,1.666,0.621,9.0,0.05,55224.32505282,55405.30008384,55318.71811895,12.243,,,0.511,11.0,0.07,55224.32505282,55405.30008384,55318.71811895,-3.0,33.0,26.0,0.0,0.0,0.0,,,,,,,,,,,,,,,,,,,,,,,,,,,,,0.0,,,,,,,14916093788377.0,222.238,2.3803400000000003,0.562,0.207,PG+PG
17,18.0,1.522633,-64.57295,219.305,1.41623,5.0,J143713.18+012459.0,219.3049479,1.4164116,0.0644,0.0644,-0.007,351.9956745,53.8899484,216.4411158,15.9365598,2109.792,1791.334,2.1931015013510323e+18,2193p015_ac51-032380,2193p015_ac51,32380.0,14.45,0.028,38.2,1.298,14.244,0.044,24.6,0.956,12.254,,0.8,0.8539,8.913,,0.8,1.047,1.072,1.0,0.0,0.0,0.0,0.0,0.0,0000,219.304949,1.4164107,0.0662,0.0657,-0.0075,-61.0,80.0,56.0,84.0,1.299,0.9543,0.8539,1.047,1.072,1N000,0000,,0.0,00nn,AAUU,3.0,0200,41.0,41.0,37.0,37.0,0.0,19.0,0.0,20.0,43.459,40.228,22.97,22.586,0.0,,0.0,,0.0,,0.0,,2.1931015013510323e+18,0.0,263.07,6.8866,16.676,3.055,0.0,126.57,5.141,54.448,4.354,0.348,58.392,70.162,2590.762,31.851,6.376,12.616,15.264,825.395,10.71,2.103,14.285,0.016,0.0,0.261,14.182,0.056,0.0,0.319,12.138,,32.0,0.825,8.895,,32.0,0.576,14.985,0.017,0.0,14.97,0.062,0.0,13.404,,32.0,9.754,,32.0,14.546,0.016,0.0,14.501,0.056,0.0,12.963,,32.0,9.471,,32.0,14.362,0.017,1.0,14.32,0.061,1.0,12.582,,32.0,9.148,,32.0,14.26,0.019,1.0,14.246,0.071,1.0,12.231,,32.0,10.182,,32.0,14.177,0.02,1.0,14.207,0.083,1.0,11.943,,32.0,8.425,,32.0,14.093,0.022,1.0,14.187,0.096,1.0,11.767,,32.0,8.144,,32.0,14.006,0.024,1.0,14.169,0.11,1.0,11.654,,32.0,7.962,,32.0,13.92,0.025,1.0,14.145,0.124,1.0,11.533,,32.0,7.749,,32.0,14.457,0.088,0.014,0.767,40.0,7.51,55222.20792934,55589.64793053,55449.16091438,14.243,0.154,0.025,0.748,36.0,0.13,55222.20792934,55589.64793053,55434.28233657,13.587,4.233,0.971,0.612,10.0,0.01,55222.20792934,55402.78618381,55326.648872,10.25,5.171,1.156,0.692,9.0,0.06,55222.20792934,55402.78618381,55321.45329846,-1.0,-10.0,36.0,0.0,0.0,0.0,,,,,,,,,,,,,,,,,,,,,,,,,,1259188903.0,0.717,-64.6,1.0,16.248,0.115,15.841,0.151,15.114,0.16,14926179947702.0,219.305,1.4162299999999999,0.40299999999999997,0.15,PG+PG
18,19.0,0.229502,72.754443,219.348,1.28769,5.0,J143723.53+011715.7,219.3480709,1.2877089,0.0753,0.0798,0.0057,351.9032158,53.7656706,216.52639,15.8284125,1996.919,1454.368,2.193101501351019e+18,2193p015_ac51-019112,2193p015_ac51,19112.0,15.099,0.032,33.4,1.016,14.858,0.06,18.2,0.844,12.268,,1.5,0.9082,9.09,,0.4,1.05,0.9476,1.0,0.0,0.0,0.0,0.0,0.0,0000,219.3480691,1.2877082,0.0789,0.0829,0.0055,152.0,123.0,66.0,134.0,1.014,0.8443,0.9082,1.05,0.9469,1N000,0000,,0.0,00nn,AAUU,3.0,0200,45.0,46.0,28.0,42.0,0.0,23.0,0.0,23.0,44.542,40.818,22.927,22.81,0.0,,0.0,,0.0,,0.0,,2.193101501351019e+18,0.0,144.61,4.3268,16.451,3.016,0.13,71.921,3.9475,53.968,4.229,0.468,83.303,56.449,2600.693,30.98,2.924,6.7249,14.961,824.315,11.201,1.913,14.85,0.036,1.0,0.261,14.727,0.087,1.0,0.319,11.908,,32.0,0.825,8.867,,32.0,0.576,15.634,0.042,1.0,15.574,0.101,1.0,13.302,,32.0,9.873,,32.0,15.111,0.036,1.0,15.046,0.087,1.0,12.733,,32.0,9.443,,32.0,14.742,0.034,1.0,14.701,0.082,1.0,12.961,0.451,1.0,9.104,,32.0,14.416,0.031,1.0,14.379,0.075,1.0,12.6,0.397,1.0,10.574,,32.0,14.13,0.028,1.0,14.084,0.068,1.0,12.34,0.372,1.0,8.972,,32.0,13.888,0.027,1.0,13.839,0.065,1.0,12.159,0.368,1.0,8.216,,32.0,13.683,0.026,1.0,13.629,0.062,1.0,12.038,0.378,1.0,7.951,,32.0,13.516,0.025,1.0,13.447,0.061,1.0,11.94,0.392,1.0,7.73,,32.0,15.103,0.131,0.019,0.81,45.0,7.85,55222.20805667,55589.64793053,55448.21550807,14.851,0.329,0.051,0.767,41.0,1.43,55222.20805667,55589.64793053,55434.99452961,12.637,1.53,0.319,0.531,14.0,0.03,55222.20805667,55402.91848758,55324.23373331,10.866,10.764,2.244,0.677,11.0,0.11,55222.20805667,55402.91848758,55324.23373331,0.0,27.0,-37.0,0.0,0.0,0.0,,,,,,,,,,,,,,,,,,,,,,,,,,1259205903.0,1.153,25.9,1.0,17.323,0.295,16.252,0.227,15.333,0.19,14926216601457.0,219.348,1.28769,0.33299999999999996,0.32899999999999996,PG+PG
19,20.0,0.964989,-151.469046,216.846,1.88291,5.0,J142723.11+015257.6,216.8463319,1.8826745,0.0709,0.0737,-0.0024,349.3156284,55.8600554,213.8688455,15.5779198,627.121,3012.266,2.1631015013510508e+18,2163p015_ac51-050632,2163p015_ac51,50632.0,14.859,0.031,35.3,0.9331,14.547,0.051,21.2,0.9426,12.094,0.267,4.1,1.014,8.975,,0.8,1.04,0.9725,1.0,0.0,0.0,0.0,0.0,0.0,0000,216.8463325,1.8826713,0.0755,0.0787,-0.0014,19.0,116.0,-164.0,125.0,0.9301,0.9437,1.014,1.04,0.9719,1N000,0000,,0.0,00nn,AABU,7.0,1111,37.0,37.0,31.0,34.0,0.0,25.0,0.0,25.0,36.972,34.046,25.888,25.717,0.0,,0.0,,0.0,,0.0,,2.1631015013510508e+18,0.0,180.54,5.1175,15.956,3.06,0.047,95.761,4.5092,45.769,3.898,0.2,230.27,56.687,2660.004,30.561,7.133,11.687,14.523,842.095,10.958,2.608,14.675,0.023,1.0,0.261,14.403,0.06,1.0,0.319,12.18,0.346,1.0,0.825,10.661,,32.0,0.576,15.379,0.026,0.0,15.246,0.073,0.0,13.626,0.441,0.0,9.871,,32.0,14.936,0.023,1.0,14.722,0.06,1.0,13.005,0.346,1.0,11.237,,32.0,14.713,0.024,1.0,14.454,0.058,1.0,12.583,0.304,1.0,9.693,,32.0,14.561,0.025,1.0,14.293,0.06,1.0,12.322,0.297,1.0,8.81,,32.0,14.435,0.027,17.0,14.191,0.063,1.0,12.148,0.304,1.0,8.458,,32.0,14.321,0.029,17.0,14.122,0.069,1.0,12.022,0.319,1.0,8.215,,32.0,14.225,0.03,17.0,14.057,0.075,1.0,11.953,0.348,1.0,8.094,,32.0,14.143,0.032,17.0,14.0,0.081,1.0,11.907,0.384,1.0,7.958,,32.0,14.86,0.077,0.013,0.727,36.0,0.87,55220.09067855,55587.73022015,55406.2473322,14.494,0.218,0.037,0.771,32.0,2.15,55220.09067855,55584.8866331,55401.53343008,12.085,1.076,0.215,0.742,21.0,0.03,55220.09067855,55400.40484303,55320.61156773,9.915,3.337,0.667,0.661,15.0,0.0,55220.09067855,55400.40484303,55320.61156773,-6.0,-33.0,-28.0,0.0,1.0,0.0,,,,,,,,,,,,,,,,,,,,,,,,,,,,,0.0,,,,,,,14924077750865.0,216.846,1.8829099999999999,0.348,0.292,PG+PG
20,21.0,0.034693,157.448572,214.89,2.70961,5.0,J141933.50+024234.5,214.8895837,2.7096011,0.0795,0.0845,0.0066,347.5165736,57.7406942,211.6681801,15.7026968,1789.815,1212.062,2.147103001351018e+18,2147p030_ac51-018013,2147p030_ac51,18013.0,15.133,0.034,32.4,0.8972,14.835,0.063,17.2,0.9309,12.673,,0.3,0.8931,9.459,,-0.9,0.9746,0.9214,1.0,0.0,0.0,0.0,0.0,0.0,0000,214.889584,2.7096015,0.0815,0.0869,0.0097,36.0,141.0,42.0,155.0,0.8972,0.9307,0.8931,0.9746,0.9213,1N000,0000,,0.0,00nn,AAUU,3.0,0143,45.0,45.0,26.0,37.0,0.0,26.0,0.0,32.0,46.708,39.056,27.981,34.282,0.0,,0.0,,0.0,,0.0,,2.147103001351018e+18,0.0,140.19,4.3288,16.813,2.991,0.094,73.473,4.2684,54.525,4.283,0.331,19.522,57.833,2658.279,31.6,6.89,-12.208,13.043,849.231,11.272,2.517,15.034,0.034,0.0,0.261,14.884,0.113,0.0,0.319,12.244,,32.0,0.825,8.787,,32.0,0.576,15.703,0.036,0.0,15.625,0.12,0.0,13.575,,32.0,9.801,,32.0,15.295,0.034,0.0,15.203,0.113,0.0,13.069,,32.0,9.363,,32.0,15.134,0.039,0.0,15.112,0.134,0.0,12.679,,32.0,9.018,,32.0,15.064,0.045,1.0,15.234,0.185,1.0,12.387,,32.0,8.724,,32.0,15.033,0.052,1.0,15.523,0.292,1.0,12.21,,32.0,8.463,,32.0,15.021,0.06,1.0,15.975,0.523,1.0,12.128,,32.0,8.227,,32.0,15.007,0.069,1.0,15.427,,32.0,12.115,,32.0,8.011,,32.0,14.974,0.077,1.0,15.55,,32.0,12.118,,32.0,7.811,,32.0,15.14,0.179,0.027,0.81,44.0,12.97,55218.37021328,55587.59791587,55402.75971497,14.854,0.382,0.063,0.739,36.0,3.55,55218.37021328,55582.9027054,55399.11421424,14.58,10.573,2.073,0.657,13.0,0.02,55218.37021328,55397.82510891,55321.10816979,,,,0.695,13.0,0.0,55218.37021328,55398.1558047,55335.40577155,-20.0,-17.0,-17.0,1.0,0.0,0.0,,,,,,,,,,,,,,,,,,,,,,,,,,,,,0.0,,,,,,,14924259875113.0,214.89,2.70961,0.39399999999999996,0.315,PG+PG
21,22.0,0.394257,-59.732609,217.285,-0.9494,5.0,J142908.44-005657.6,217.2851954,-0.9493448,0.1048,0.1119,0.0168,346.8174409,53.385499,215.2543519,13.0459412,3437.388,3527.338,2.1780016013510597e+18,2178m016_ac51-059792,2178m016_ac51,59792.0,15.383,0.041,26.6,0.9304,15.184,0.102,10.6,0.8626,12.775,0.504,2.2,0.9627,9.021,,0.4,0.9619,0.9246,1.0,0.0,0.0,0.0,0.0,0.0,0000,217.2851909,-0.9493488,0.1198,0.126,0.0173,-186.0,229.0,-164.0,240.0,0.9299,0.8617,0.9627,0.9619,0.9242,1N000,0000,,0.0,0nnn,AACU,7.0,1200,31.0,31.0,8.0,26.0,0.0,22.0,0.0,22.0,32.18,27.365,22.994,23.507,0.0,,0.0,,0.0,,0.0,,2.1780016013510597e+18,0.0,111.42,4.1908,17.456,3.065,0.07,53.281,5.0157,52.674,4.368,0.479,123.06,57.083,2756.422,30.025,9.088,5.9761,16.532,886.265,11.717,3.446,15.303,0.061,0.0,0.261,15.223,0.207,0.0,0.319,11.791,,32.0,0.825,8.768,,32.0,0.576,15.956,0.063,0.0,15.931,0.211,0.0,13.042,,32.0,11.302,,32.0,15.564,0.061,0.0,15.542,0.207,0.0,12.616,,32.0,9.344,,32.0,15.437,0.069,1.0,15.489,0.254,1.0,12.306,,32.0,9.001,,32.0,15.396,0.082,1.0,15.552,0.333,1.0,12.089,,32.0,8.708,,32.0,15.337,0.093,1.0,15.556,0.404,1.0,11.959,,32.0,8.45,,32.0,15.198,0.096,1.0,15.435,0.426,1.0,11.901,,32.0,8.217,,32.0,15.004,0.094,1.0,15.262,0.422,1.0,11.879,,32.0,8.003,,32.0,14.804,0.09,1.0,15.095,0.416,1.0,13.4,,32.0,8.745,,32.0,15.387,0.183,0.033,0.814,30.0,3.76,55221.28218131,55588.5903872,55408.86098771,15.191,0.388,0.076,0.707,25.0,0.44,55221.28218131,55586.07737162,55374.3281732,12.78,1.8,0.384,0.77,14.0,0.02,55221.28218131,55401.72724414,55335.8854243,11.228,12.8,2.729,0.637,11.0,0.06,55221.28218131,55401.72724414,55335.8854243,18.0,-7.0,-55.0,0.0,0.0,1.0,,,,,,,,,,,,,,,,,,,,,,,,,,,,,0.0,,,,,,,11139837593715.0,217.285,-0.9494,0.39399999999999996,0.494,PG+PG
22,23.0,0.245057,5.986972,212.019,-0.07878,5.0,J140804.66-000443.3,212.0194271,-0.0787123,0.0711,0.0756,-0.0029,340.1604808,57.1465614,209.8723522,12.1014624,1383.191,1841.917,2.1171000013510282e+18,2117p000_ac51-028343,2117p000_ac51,28343.0,14.782,0.031,34.5,1.412,14.57,0.05,21.6,0.9803,12.039,0.252,4.3,0.9863,9.299,,-0.6,0.9892,1.111,1.0,0.0,0.0,0.0,0.0,0.0,0000,212.0194399,-0.0787156,0.0828,0.0857,0.0126,390.0,113.0,-113.0,124.0,1.401,0.9782,0.9858,0.9891,1.107,1N000,h000,,0.0,00nn,AABU,7.0,1222,39.0,39.0,32.0,38.0,1.0,26.0,0.0,27.0,38.504,37.217,25.996,29.933,8.0,h,0.0,,0.0,,0.0,,2.1171000013510282e+18,0.0,193.74,5.6134,16.925,3.06,0.081,93.75,4.3318,43.405,3.936,0.195,242.41,56.218,2788.752,31.649,3.31,-8.7245,15.113,911.871,11.829,3.416,14.567,0.033,1.0,0.261,14.503,0.092,1.0,0.319,11.585,0.203,0.0,0.825,9.013,,32.0,0.576,15.301,0.037,0.0,15.309,0.104,0.0,13.115,0.278,0.0,10.012,,32.0,14.828,0.033,1.0,14.822,0.092,1.0,12.41,0.203,0.0,9.589,,32.0,14.596,0.034,1.0,14.619,0.099,1.0,11.993,0.178,1.0,9.254,,32.0,14.442,0.037,1.0,14.539,0.113,1.0,11.731,0.172,1.0,8.972,,32.0,14.29,0.039,1.0,14.494,0.131,1.0,11.512,0.169,1.0,8.724,,32.0,14.111,0.039,1.0,14.414,0.144,1.0,11.283,0.162,1.0,8.499,,32.0,13.889,0.037,1.0,14.238,0.142,1.0,11.085,0.156,1.0,8.293,,32.0,13.566,0.032,1.0,13.88,0.118,1.0,10.938,0.156,1.0,8.102,,32.0,14.795,0.114,0.018,0.74,38.0,8.1,55216.91519411,55581.31620528,55397.04688435,14.575,0.308,0.05,0.73,37.0,6.08,55216.91519411,55581.31620528,55397.06297745,12.054,0.996,0.195,0.58,21.0,0.77,55216.91519411,55394.18631015,55312.27735478,,,,0.702,12.0,0.0,55216.91519411,55396.43534653,55315.39431744,7.0,-4.0,8.0,0.0,0.0,0.0,,,,,,,,,,,,,,,,,,,,,,,,,,317025224.0,0.46,-141.2,1.0,16.347,0.109,16.216,0.227,14.913,0.146,11158732170904.0,212.019,-0.07877999999999999,0.256,0.17800000000000002,PG+PG
23,24.0,0.175877,84.479395,30.804,-6.04563,5.0,J020313.00-060244.2,30.8041689,-6.0456253,0.0837,0.0848,-0.0196,165.1522658,-62.8744275,26.4720039,-17.4095862,943.268,2079.386,3.0300610135102906e+17,0303m061_ac51-029085,0303m061_ac51,29085.0,15.251,0.034,31.6,0.9362,15.036,0.068,15.9,0.8961,12.586,,0.6,0.9978,9.188,,0.1,0.9921,0.9416,1.0,0.0,0.0,0.0,0.0,0.0,0000,30.8041691,-6.045629,0.1028,0.1008,-0.0125,20.0,158.0,-290.0,159.0,0.9313,0.8964,0.9977,0.9921,0.94,1N000,0000,,0.0,11nn,AAUU,3.0,0100,45.0,45.0,22.0,42.0,0.0,22.0,0.0,22.0,48.27,44.721,23.912,23.8,0.0,,0.0,,0.0,,0.0,,3.0300610135102906e+17,0.0,125.78,3.9859,15.145,2.954,0.076,61.063,3.8291,48.722,4.109,0.203,35.366,55.507,2598.936,30.028,4.565,2.2535,15.607,819.785,11.279,1.957,15.018,0.045,1.0,0.261,14.876,0.078,1.0,0.319,11.891,,32.0,0.825,8.706,,32.0,0.576,15.76,0.05,1.0,15.728,0.092,1.0,13.243,,32.0,9.795,,32.0,15.279,0.045,1.0,15.195,0.078,1.0,12.716,,32.0,9.282,,32.0,14.964,0.044,1.0,14.866,0.075,1.0,12.274,,32.0,8.946,,32.0,14.66,0.041,1.0,14.567,0.072,1.0,11.937,,32.0,9.168,,32.0,14.381,0.038,1.0,14.295,0.068,1.0,11.713,,32.0,8.534,,32.0,14.185,0.037,1.0,14.094,0.066,1.0,11.55,,32.0,8.3,,32.0,14.08,0.039,1.0,13.968,0.068,1.0,11.424,,32.0,8.084,,32.0,14.028,0.043,17.0,13.898,0.074,1.0,11.31,,32.0,7.799,,32.0,15.25,0.138,0.021,0.827,44.0,1.6,55209.1392669,55574.99984894,55445.06955131,15.019,0.457,0.07,0.726,41.0,5.26,55209.1392669,55574.99984894,55435.83132853,14.037,8.535,1.82,0.705,12.0,0.1,55209.1392669,55396.80016897,55311.41864603,11.881,,,0.742,9.0,0.07,55209.1392669,55396.80016897,55311.41864603,17.0,18.0,51.0,1.0,0.0,1.0,,,,,,,,,,,,,,,,,,,,,,,,,,,,,0.0,,,,,,,8995144419819.0,30.804,-6.04563,0.424,0.622,PG+PG
24,25.0,1.019743,-101.897988,30.693,-4.13571,5.0,J020246.15-040808.7,30.6923021,-4.1357684,0.0778,0.0786,-0.0168,162.5669326,-61.3909264,27.0736776,-15.5855288,1231.752,3114.893,3.0300460135104774e+17,0303m046_ac51-047723,0303m046_ac51,47723.0,15.02,0.033,33.0,1.473,14.664,0.055,19.8,0.9813,12.603,,0.4,0.9946,8.517,,1.5,0.9164,1.139,1.0,0.0,0.0,0.0,0.0,0.0,0000,30.6923006,-4.1357685,0.0818,0.082,-0.0162,-368.0,116.0,-54.0,120.0,1.469,0.9767,0.9946,0.9165,1.136,1N000,0000,,0.0,00nn,AAUU,3.0,0200,46.0,46.0,34.0,42.0,0.0,23.0,0.0,23.0,45.748,41.931,24.006,23.894,0.0,,0.0,,0.0,,0.0,,3.0300460135104774e+17,0.0,155.54,4.7142,16.946,3.122,0.124,85.948,4.3318,54.438,4.354,0.077,21.578,61.311,2693.547,31.791,5.658,26.583,17.758,856.426,11.913,1.751,14.723,0.023,0.0,0.261,14.501,0.098,0.0,0.319,11.945,,32.0,0.825,8.668,,32.0,0.576,15.45,0.026,0.0,15.308,0.111,0.0,13.243,,32.0,9.511,,32.0,14.984,0.023,0.0,14.82,0.098,0.0,12.77,,32.0,9.244,,32.0,14.799,0.025,0.0,14.66,0.109,0.0,12.449,,32.0,9.103,,32.0,14.719,0.028,0.0,14.65,0.135,0.0,12.226,,32.0,8.915,,32.0,14.669,0.032,1.0,14.689,0.168,1.0,12.061,,32.0,8.685,,32.0,14.606,0.035,1.0,14.735,0.207,1.0,11.946,,32.0,8.477,,32.0,14.506,0.037,1.0,14.755,0.245,1.0,11.842,,32.0,8.288,,32.0,14.37,0.038,1.0,14.721,0.273,1.0,11.725,,32.0,8.113,,32.0,15.017,0.151,0.022,0.769,45.0,8.78,55209.53669041,55575.52919388,55432.61710516,14.662,0.257,0.04,0.821,41.0,0.6,55209.53669041,55575.52919388,55419.12766513,14.866,14.148,2.95,0.71,10.0,0.15,55209.53669041,55397.46130572,55307.48945634,9.455,2.619,0.546,0.645,14.0,0.11,55209.53669041,55397.46130572,55307.48945634,2.0,33.0,28.0,0.0,0.0,0.0,,,,,,,,,,,,,,,,,,,,,,,,,,,,,0.0,,,,,,,8995380899411.0,30.693,-4.01222,0.331,0.436,PG+ELG
25,25.0,1.019743,-101.897988,30.693,-4.13571,5.0,J020246.15-040808.7,30.6923021,-4.1357684,0.0778,0.0786,-0.0168,162.5669326,-61.3909264,27.0736776,-15.5855288,1231.752,3114.893,3.0300460135104774e+17,0303m046_ac51-047723,0303m046_ac51,47723.0,15.02,0.033,33.0,1.473,14.664,0.055,19.8,0.9813,12.603,,0.4,0.9946,8.517,,1.5,0.9164,1.139,1.0,0.0,0.0,0.0,0.0,0.0,0000,30.6923006,-4.1357685,0.0818,0.082,-0.0162,-368.0,116.0,-54.0,120.0,1.469,0.9767,0.9946,0.9165,1.136,1N000,0000,,0.0,00nn,AAUU,3.0,0200,46.0,46.0,34.0,42.0,0.0,23.0,0.0,23.0,45.748,41.931,24.006,23.894,0.0,,0.0,,0.0,,0.0,,3.0300460135104774e+17,0.0,155.54,4.7142,16.946,3.122,0.124,85.948,4.3318,54.438,4.354,0.077,21.578,61.311,2693.547,31.791,5.658,26.583,17.758,856.426,11.913,1.751,14.723,0.023,0.0,0.261,14.501,0.098,0.0,0.319,11.945,,32.0,0.825,8.668,,32.0,0.576,15.45,0.026,0.0,15.308,0.111,0.0,13.243,,32.0,9.511,,32.0,14.984,0.023,0.0,14.82,0.098,0.0,12.77,,32.0,9.244,,32.0,14.799,0.025,0.0,14.66,0.109,0.0,12.449,,32.0,9.103,,32.0,14.719,0.028,0.0,14.65,0.135,0.0,12.226,,32.0,8.915,,32.0,14.669,0.032,1.0,14.689,0.168,1.0,12.061,,32.0,8.685,,32.0,14.606,0.035,1.0,14.735,0.207,1.0,11.946,,32.0,8.477,,32.0,14.506,0.037,1.0,14.755,0.245,1.0,11.842,,32.0,8.288,,32.0,14.37,0.038,1.0,14.721,0.273,1.0,11.725,,32.0,8.113,,32.0,15.017,0.151,0.022,0.769,45.0,8.78,55209.53669041,55575.52919388,55432.61710516,14.662,0.257,0.04,0.821,41.0,0.6,55209.53669041,55575.52919388,55419.12766513,14.866,14.148,2.95,0.71,10.0,0.15,55209.53669041,55397.46130572,55307.48945634,9.455,2.619,0.546,0.645,14.0,0.11,55209.53669041,55397.46130572,55307.48945634,2.0,33.0,28.0,0.0,0.0,0.0,,,,,,,,,,,,,,,,,,,,,,,,,,,,,0.0,,,,,,,8995380899411.0,30.693,-4.1357099999999996,0.29100000000000004,0.413,PG+PG
26,26.0,0.233341,95.755454,349.606,-33.45856,5.0,J231825.51-332730.8,349.6063273,-33.4585665,0.0598,0.0576,-0.022,9.7327611,-69.001295,336.4649724,-26.4852849,1157.361,1677.65,3.49103340135103e+18,3491m334_ac51-029867,3491m334_ac51,29867.0,13.848,0.028,39.4,1.502,13.644,0.035,31.2,0.9212,12.373,,0.6,1.054,8.461,,0.9,0.9802,1.147,2.0,1.0,0.0,0.0,0.0,0.013,0001,349.606397,-33.4586272,0.0551,0.0535,-0.0161,-144.0,105.0,-58.0,106.0,3.594,1.182,1.055,0.9818,1.93,1N030,0000,,0.0,nnnn,AAUU,3.0,0011,25.0,25.0,25.0,25.0,0.0,13.0,0.0,13.0,25.37,25.085,12.838,12.154,0.0,,0.0,,0.0,,0.0,,3.49103340135103e+18,0.0,457.9,11.632,11.85,2.925,0.128,219.96,7.0417,33.162,3.669,0.228,41.408,68.344,2059.108,28.887,7.263,19.739,22.844,632.867,10.967,2.177,13.564,0.015,1.0,0.261,13.426,0.024,1.0,0.319,11.911,,32.0,0.825,8.569,,32.0,0.576,14.33,0.017,1.0,14.269,0.029,1.0,13.21,,32.0,9.509,,32.0,13.825,0.015,1.0,13.745,0.024,1.0,12.736,,32.0,9.145,,32.0,13.556,0.015,1.0,13.491,0.025,1.0,12.417,,32.0,8.807,,32.0,13.389,0.016,1.0,13.347,0.027,17.0,12.188,,32.0,8.519,,32.0,13.262,0.017,1.0,13.232,0.029,17.0,11.998,,32.0,8.262,,32.0,13.128,0.017,1.0,13.105,0.03,17.0,11.755,,32.0,8.03,,32.0,12.971,0.017,1.0,12.961,0.03,17.0,11.502,,32.0,7.817,,32.0,12.827,0.017,17.0,12.832,0.031,17.0,11.284,,32.0,7.619,,32.0,13.849,0.058,0.012,0.842,23.0,1.08,55342.89103764,55525.0022864,55430.68548546,13.643,0.076,0.015,0.789,24.0,0.04,55342.89103764,55525.0022864,55430.68548546,13.974,5.906,1.638,0.729,6.0,0.18,55342.89103764,55351.68891736,55344.08680458,9.732,3.331,0.924,0.728,6.0,0.07,55342.89103764,55351.68891736,55344.08680458,-5.0,38.0,-47.0,0.0,0.0,0.0,,,,,,,,,,,,,,,,,,,,,,,,,,658825932.0,0.282,-68.6,1.0,15.586,0.077,14.812,0.07,14.304,0.078,12839099876092.0,349.606,-33.45856,0.165,0.187,PG+PG
27,27.0,0.617302,130.472474,341.938,-32.92324,5.0,J224745.15-325524.0,341.9381454,-32.9233513,0.0612,0.0608,-0.0105,13.1223323,-62.7119378,330.3117995,-23.2750301,2180.883,3080.634,3.419033401351045e+18,3419m334_ac51-045350,3419m334_ac51,45350.0,14.176,0.027,39.8,1.67,14.175,0.045,24.0,0.8834,12.094,,1.4,1.156,8.391,,1.3,0.9329,1.195,1.0,0.0,0.0,0.0,0.0,0.0,0000,341.9381486,-32.9233528,0.0639,0.0625,-0.0079,-127.0,136.0,53.0,137.0,1.671,0.8819,1.156,0.9331,1.194,2N001,0000,,0.0,11nn,AAUU,3.0,0000,25.0,25.0,25.0,25.0,0.0,12.0,0.0,12.0,24.987,26.142,12.469,12.031,0.0,,0.0,,0.0,,0.0,,3.419033401351045e+18,0.0,338.43,8.5036,12.952,2.828,0.021,134.84,5.621,37.23,3.948,0.209,94.053,68.17,2183.344,28.63,9.716,27.144,21.301,674.612,11.374,2.671,13.99,0.019,1.0,0.261,14.009,0.056,1.0,0.319,11.579,,32.0,0.825,8.155,,32.0,0.576,14.727,0.021,1.0,14.861,0.065,1.0,13.033,,32.0,9.137,,32.0,14.251,0.019,1.0,14.328,0.056,1.0,12.404,,32.0,8.731,,32.0,13.997,0.019,1.0,14.052,0.057,1.0,12.48,0.379,1.0,8.423,,32.0,13.821,0.02,1.0,13.876,0.06,1.0,12.016,0.307,1.0,8.076,,32.0,13.679,0.021,1.0,13.739,0.064,1.0,11.685,0.271,1.0,7.748,,32.0,13.552,0.021,1.0,13.61,0.066,1.0,11.441,0.254,1.0,7.471,,32.0,13.427,0.022,17.0,13.481,0.069,1.0,11.25,0.248,1.0,7.218,,32.0,13.297,0.022,17.0,13.347,0.07,1.0,11.086,0.245,1.0,6.986,,32.0,14.175,0.075,0.015,0.76,24.0,3.06,55337.0691553,55519.4476734,55431.88224783,14.194,0.161,0.032,0.746,24.0,2.0,55337.0691553,55519.4476734,55431.88224783,12.687,1.154,0.333,0.661,8.0,0.02,55337.0691553,55338.19380252,55337.63147891,9.423,3.507,1.012,0.652,8.0,0.25,55337.0691553,55338.19380252,55337.63147891,54.0,-42.0,90.0,2.0,1.0,2.0,,,,,,,,,,,,,,,,,,,,,,,,,,61743537.0,0.219,-51.0,1.0,16.888,0.148,16.024,0.158,15.413,0.186,12945313478613.0,341.938,-32.92324,0.672,0.47600000000000003,PG+PG
